id,date,price,bedrooms,bathrooms,sqft_living,sqft_lot,floors,waterfront,view,condition,grade,sqft_above,sqft_basement,yr_built,yr_renovated,zipcode,lat,long,sqft_living15,sqft_lot15
6414100192,20141209T000000,538000.0,3,2.25,2570,7242,2.0,0,0,3,7,2170,400,1951,1991,98125,47.721000000000004,-122.319,1690,7639
2487200875,20141209T000000,604000.0,4,3.0,1960,5000,1.0,0,0,5,7,1050,910,1965,0,98136,47.5208,-122.39299999999999,1360,5000
7237550310,20140512T000000,1225000.0,4,4.5,5420,101930,1.0,0,0,3,11,3890,1530,2001,0,98053,47.6561,-122.005,4760,101930
1321400060,20140627T000000,257500.0,3,2.25,1715,6819,2.0,0,0,3,7,1715,0,1995,0,98003,47.3097,-122.32700000000001,2238,6819
2008000270,20150115T000000,291850.0,3,1.5,1060,9711,1.0,0,0,3,7,1060,0,1963,0,98198,47.4095,-122.315,1650,9711
1736800520,20150403T000000,662500.0,3,2.5,3560,9796,1.0,0,0,3,8,1860,1700,1965,0,98007,47.6007,-122.145,2210,8925
6054650070,20141007T000000,400000.0,3,1.75,1370,9680,1.0,0,0,4,7,1370,0,1977,0,98074,47.6127,-122.045,1370,10208
1875500060,20140731T000000,395000.0,3,2.0,1890,14040,2.0,0,0,3,7,1890,0,1994,0,98019,47.7277,-121.962,1890,14018
6865200140,20140529T000000,485000.0,4,1.0,1600,4300,1.5,0,0,4,7,1600,0,1916,0,98103,47.6648,-122.34299999999999,1610,4300
16000397,20141205T000000,189000.0,2,1.0,1200,9850,1.0,0,0,4,7,1200,0,1921,0,98002,47.3089,-122.21,1060,5095
7983200060,20150424T000000,230000.0,3,1.0,1250,9774,1.0,0,0,4,7,1250,0,1969,0,98003,47.3343,-122.306,1280,8850
6300500875,20140514T000000,385000.0,4,1.75,1620,4980,1.0,0,0,4,7,860,760,1947,0,98133,47.7025,-122.34100000000001,1400,4980
2524049179,20140826T000000,2000000.0,3,2.75,3050,44867,1.0,0,4,3,9,2330,720,1968,0,98040,47.5316,-122.23299999999999,4110,20336
7137970340,20140703T000000,285000.0,5,2.5,2270,6300,2.0,0,0,3,8,2270,0,1995,0,98092,47.3266,-122.169,2240,7005
8091400200,20140516T000000,252700.0,2,1.5,1070,9643,1.0,0,0,3,7,1070,0,1985,0,98030,47.3533,-122.166,1220,8386
3814700200,20141120T000000,329000.0,3,2.25,2450,6500,2.0,0,0,4,8,2450,0,1985,0,98030,47.3739,-122.17200000000001,2200,6865
1202000200,20141103T000000,233000.0,3,2.0,1710,4697,1.5,0,0,5,6,1710,0,1941,0,98002,47.3048,-122.21799999999999,1030,4705
3303700376,20141201T000000,667000.0,3,1.0,1400,1581,1.5,0,0,5,8,1400,0,1909,0,98112,47.6221,-122.314,1860,3861
1873100390,20150302T000000,719000.0,4,2.5,2570,7173,2.0,0,0,3,8,2570,0,2005,0,98052,47.7073,-122.11,2630,6026
2426039314,20141201T000000,280000.0,2,1.5,1190,1265,3.0,0,0,3,7,1190,0,2005,0,98133,47.7274,-122.35700000000001,1390,1756
7589200193,20141110T000000,535000.0,3,1.0,1090,3000,1.5,0,0,4,8,1090,0,1929,0,98117,47.6889,-122.375,1570,5080
7955080270,20141203T000000,322500.0,4,2.75,2060,6659,1.0,0,0,3,7,1280,780,1981,0,98058,47.4276,-122.15700000000001,2020,8720
5547700270,20140715T000000,625000.0,4,2.5,2570,5520,2.0,0,0,3,9,2570,0,2000,0,98074,47.6145,-122.027,2470,5669
7766200013,20140811T000000,775000.0,4,2.25,4220,24186,1.0,0,0,3,8,2600,1620,1984,0,98166,47.445,-122.34700000000001,2410,30617
1432701230,20140729T000000,309000.0,3,1.0,1280,9656,1.0,0,0,4,6,920,360,1959,0,98058,47.4485,-122.175,1340,8808
8945200830,20150325T000000,210490.0,3,1.0,990,8528,1.0,0,0,3,6,990,0,1966,0,98023,47.3066,-122.37100000000001,1228,8840
7231300125,20150217T000000,345000.0,5,2.5,3150,9134,1.0,0,0,4,8,1640,1510,1966,0,98056,47.4934,-122.189,1990,9133
7518505990,20141231T000000,600000.0,3,1.75,1410,4080,1.0,0,0,4,7,1000,410,1950,0,98117,47.6808,-122.384,1410,4080
9478500640,20140819T000000,292500.0,4,2.5,2250,4495,2.0,0,0,3,7,2250,0,2008,0,98042,47.3663,-122.11399999999999,2250,4500
2799800710,20150407T000000,301000.0,3,2.5,2420,4750,2.0,0,0,3,8,2420,0,2003,0,98042,47.3663,-122.12200000000001,2690,4750
1189001180,20140603T000000,425000.0,3,2.25,1660,6000,1.0,0,0,3,7,1110,550,1979,0,98122,47.6113,-122.29700000000001,1440,4080
3253500160,20141120T000000,317625.0,3,2.75,2770,3809,1.5,0,0,5,7,1770,1000,1925,0,98144,47.5747,-122.304,1440,4000
3394100030,20140909T000000,975000.0,4,2.5,2720,11049,2.0,0,0,3,10,2720,0,1989,0,98004,47.5815,-122.19200000000001,2750,11049
3717000160,20141009T000000,287000.0,4,2.5,2240,4648,2.0,0,0,3,7,2240,0,2005,0,98001,47.3378,-122.257,2221,4557
1274500060,20140825T000000,204000.0,3,1.0,1000,12070,1.0,0,0,4,7,1000,0,1968,0,98042,47.3621,-122.11,1010,12635
1802000060,20140612T000000,1325000.0,5,2.25,3200,20158,1.0,0,0,3,8,1600,1600,1965,0,98004,47.6303,-122.215,3390,20158
8820901275,20140610T000000,571000.0,4,2.0,2750,7807,1.5,0,0,5,7,2250,500,1916,0,98125,47.7168,-122.287,1510,7807
5416510140,20140710T000000,360000.0,4,2.5,2380,5000,2.0,0,0,3,8,2380,0,2005,0,98038,47.3608,-122.036,2420,5000
3444100400,20150316T000000,349000.0,3,1.75,1790,50529,1.0,0,0,5,7,1090,700,1965,0,98042,47.3511,-122.073,1940,50529
3276920270,20141105T000000,832500.0,4,4.0,3430,35102,2.0,0,0,4,10,2390,1040,1986,0,98075,47.5822,-121.98700000000001,3240,35020
2391600320,20150420T000000,480000.0,3,1.0,1040,5060,1.0,0,0,3,7,1040,0,1941,0,98116,47.5636,-122.39399999999999,890,5060
1531000030,20150323T000000,720000.0,4,2.5,3450,39683,2.0,0,0,3,10,3450,0,2002,0,98010,47.342,-122.025,3350,39750
7437100340,20141222T000000,360000.0,4,2.5,1900,5889,2.0,0,0,3,7,1900,0,1992,0,98038,47.349,-122.031,1870,6405
9418400240,20141028T000000,355000.0,2,1.0,2020,6720,1.0,0,0,3,7,1010,1010,1948,0,98118,47.5474,-122.291,1720,6720
1133000671,20140602T000000,315000.0,3,1.0,960,6634,1.0,0,0,3,6,960,0,1952,0,98125,47.7264,-122.31,1570,7203
4232902595,20141114T000000,940000.0,3,1.5,2140,3600,2.0,0,0,3,9,1900,240,1925,0,98119,47.6337,-122.365,2020,4800
3342103156,20140618T000000,461000.0,3,3.25,2770,6278,2.0,0,0,3,9,1980,790,2006,0,98056,47.5228,-122.199,1900,7349
1332700270,20140519T000000,215000.0,2,2.25,1610,2040,2.0,0,0,4,7,1610,0,1979,0,98056,47.518,-122.194,1950,2025
2791500270,20140522T000000,243500.0,4,2.5,1980,7403,2.0,0,0,3,7,1980,0,1988,0,98023,47.2897,-122.37200000000001,1980,7510
5036300431,20150311T000000,1099880.0,5,2.75,3520,6353,2.0,0,0,4,10,3520,0,2001,0,98199,47.6506,-122.391,2520,6250
4168000060,20150226T000000,153000.0,3,1.0,1200,10500,1.0,0,0,3,7,1200,0,1962,0,98023,47.321999999999996,-122.351,1350,10500
6021501535,20141223T000000,700000.0,3,1.5,1580,5000,1.0,0,0,3,8,1290,290,1939,0,98117,47.687,-122.38600000000001,1570,4500
3422049190,20150330T000000,247500.0,3,1.75,1960,15681,1.0,0,0,3,7,1960,0,1967,0,98032,47.3576,-122.277,1750,15616
1099611230,20140912T000000,199000.0,4,1.5,1160,6400,1.0,0,0,4,7,1160,0,1975,0,98023,47.3036,-122.37799999999999,1160,6400
722079104,20140711T000000,314000.0,3,1.75,1810,41800,1.0,0,0,5,7,1210,600,1980,0,98038,47.4109,-121.958,1650,135036
7338200240,20140516T000000,437500.0,3,2.5,2320,36847,2.0,0,2,3,9,2320,0,1992,0,98045,47.4838,-121.714,2550,35065
1952200240,20140611T000000,850830.0,3,2.5,2070,13241,1.5,0,0,5,9,1270,800,1910,0,98102,47.6415,-122.315,2200,4500
7214720075,20141212T000000,699950.0,3,2.25,2190,107593,2.0,0,0,4,8,2190,0,1983,0,98077,47.7731,-122.08,2570,47777
2450000295,20141007T000000,1088000.0,3,2.5,2920,8113,2.0,0,0,3,8,2920,0,1950,2010,98004,47.5814,-122.196,2370,8113
6197800045,20140924T000000,290000.0,3,1.0,1210,33919,1.0,0,0,3,7,1210,0,1954,0,98058,47.4375,-122.184,1640,14910
3530510041,20140723T000000,188500.0,2,1.75,1240,2493,1.0,0,0,4,8,1240,0,1985,0,98198,47.3813,-122.322,1270,4966
1853000400,20150305T000000,680000.0,4,2.5,3140,28037,2.0,0,0,4,10,3140,0,1991,0,98077,47.7304,-122.08200000000001,2990,35001
2525310310,20140916T000000,272500.0,3,1.75,1540,12600,1.0,0,0,4,7,1160,380,1980,0,98038,47.3624,-122.031,1540,11656
6126500060,20141124T000000,329950.0,3,1.75,2080,5969,1.0,0,2,3,7,1080,1000,1971,0,98108,47.5474,-122.295,2090,5500
3454800060,20150108T000000,171800.0,4,2.0,1570,9600,1.0,0,0,3,6,1570,0,1950,0,98168,47.4965,-122.303,1880,9000
1695900060,20150511T000000,535000.0,4,1.0,1610,2982,1.5,0,0,4,7,1610,0,1925,0,98144,47.586999999999996,-122.294,1610,4040
6675500070,20141119T000000,391500.0,3,2.0,1450,9132,1.0,0,0,3,7,1450,0,1987,0,98034,47.7288,-122.226,1580,9104
3524049083,20141104T000000,445000.0,4,1.75,2100,4400,1.5,0,0,5,7,1720,380,1924,0,98118,47.5299,-122.266,1850,4400
3275860240,20140618T000000,770000.0,3,2.25,2910,10204,2.0,0,0,3,9,2910,0,1990,0,98052,47.6897,-122.098,2700,13992
4389200955,20150302T000000,1450000.0,4,2.75,2750,17789,1.5,0,0,3,8,1980,770,1914,1992,98004,47.6141,-122.212,3060,11275
4058801670,20140717T000000,445000.0,3,2.25,2100,8201,1.0,0,2,3,8,1620,480,1967,0,98178,47.5091,-122.244,2660,8712
3668000070,20150105T000000,212000.0,3,1.75,1060,7875,1.0,0,0,4,7,1060,0,1986,0,98092,47.2761,-122.152,1420,7680
9545240070,20150428T000000,660500.0,4,2.25,2010,9603,1.0,0,0,3,8,1440,570,1986,0,98027,47.5343,-122.054,2060,9793
1243100136,20140612T000000,784000.0,3,3.5,3950,111078,1.5,0,0,3,9,2460,1490,1989,0,98052,47.696999999999996,-122.072,2480,88500
4027700812,20140529T000000,452000.0,4,2.25,2590,10002,1.0,0,0,4,8,1340,1250,1968,0,98028,47.7689,-122.266,1550,10436
2767603505,20140507T000000,519950.0,3,2.25,1170,1249,3.0,0,0,3,8,1170,0,2014,0,98107,47.6722,-122.381,1350,1310
1777500060,20140708T000000,527700.0,5,2.5,2820,9375,1.0,0,0,4,8,1550,1270,1968,0,98006,47.5707,-122.12799999999999,2820,9375
6071600370,20150227T000000,500000.0,4,2.25,2030,8517,1.0,0,0,4,8,1380,650,1961,0,98006,47.5495,-122.17399999999999,2230,8824
1526069017,20141203T000000,921500.0,4,2.5,3670,315374,2.0,0,0,4,9,3670,0,1994,0,98077,47.7421,-122.02600000000001,2840,87991
809001525,20140625T000000,890000.0,4,1.0,2550,4000,2.0,0,0,3,8,2370,180,1905,0,98109,47.6354,-122.353,2200,4000
3224079105,20140806T000000,430000.0,2,2.5,2420,60984,2.0,0,0,3,7,2420,0,2007,0,98027,47.5262,-121.943,1940,193842
8075400570,20141030T000000,258000.0,5,2.0,2260,12500,1.0,0,0,4,8,1130,1130,1960,0,98032,47.3887,-122.286,1360,18000
3362900810,20140820T000000,532170.0,3,2.0,1360,3090,2.0,0,0,3,8,1360,0,1990,0,98103,47.6838,-122.353,1500,3090
7855801670,20150401T000000,2250000.0,4,3.25,5180,19850,2.0,0,3,3,12,3540,1640,2006,0,98006,47.562,-122.162,3160,9750
7920100045,20140516T000000,350000.0,1,1.0,700,5100,1.0,0,0,3,7,700,0,1942,0,98115,47.678999999999995,-122.3,1010,5100
8960000030,20140728T000000,215000.0,3,1.0,1180,7669,1.0,0,0,4,7,1180,0,1967,0,98058,47.4479,-122.176,1190,7669
8029200135,20141113T000000,247000.0,3,2.0,1270,7198,1.5,0,0,3,7,1270,0,1916,2013,98022,47.2086,-121.99600000000001,1160,7198
3756500060,20150309T000000,438000.0,3,1.75,1780,9660,1.0,0,0,3,7,1780,0,1962,0,98034,47.7171,-122.193,1200,9660
3574800520,20140620T000000,441000.0,3,2.75,1910,7280,1.0,0,0,3,7,1160,750,1979,0,98034,47.7319,-122.22399999999999,1710,8152
2009000370,20150219T000000,269950.0,2,1.75,1340,7250,1.0,0,0,5,5,700,640,1949,0,98198,47.408,-122.32700000000001,1830,9750
1836980160,20150324T000000,807100.0,4,2.5,2680,4499,2.0,0,0,3,9,2680,0,1999,0,98006,47.565,-122.125,2920,4500
3261020370,20140605T000000,653000.0,3,2.5,2680,9750,1.0,0,0,4,8,1610,1070,1979,0,98034,47.7028,-122.23100000000001,2480,8750
4330600435,20150316T000000,284000.0,3,1.75,1560,21000,1.0,0,0,3,7,1560,0,1954,0,98166,47.4776,-122.337,1070,7920
9542800700,20150102T000000,272000.0,3,1.75,2160,7140,1.0,0,0,4,7,1670,490,1978,0,98023,47.3026,-122.374,1930,7350
1999700045,20140502T000000,313000.0,3,1.5,1340,7912,1.5,0,0,3,7,1340,0,1955,0,98133,47.7658,-122.339,1480,7940
1762600070,20150116T000000,917500.0,4,2.5,3880,35003,2.0,0,0,3,10,2570,1310,1984,0,98033,47.6477,-122.182,3740,35230
7234600798,20150210T000000,425000.0,3,2.5,1120,1100,2.0,0,0,3,8,820,300,2008,0,98122,47.6106,-122.31,1590,1795
3881900445,20140709T000000,399950.0,5,2.75,1970,5400,1.0,0,0,3,7,1320,650,1986,0,98144,47.5868,-122.30799999999999,1280,2150
5437810320,20141117T000000,269950.0,3,1.5,1950,7560,1.0,0,2,4,7,1320,630,1975,0,98022,47.1976,-121.999,1950,8941
9158100075,20150107T000000,330000.0,2,1.0,1350,8220,1.0,0,0,3,7,1060,290,1949,0,98177,47.7224,-122.35799999999999,1540,8280
6661200320,20140723T000000,163500.0,2,1.5,1050,3419,2.0,0,0,3,7,1050,0,1996,0,98038,47.3848,-122.039,1050,3417
11510310,20140905T000000,835000.0,4,2.75,3130,13412,2.0,0,0,3,9,2140,990,1993,0,98052,47.6993,-122.102,2260,9984
825059270,20141121T000000,1095000.0,5,3.0,4090,12850,1.0,0,2,4,10,2090,2000,1986,0,98033,47.6627,-122.18799999999999,2540,10270
1954440060,20140505T000000,560000.0,3,2.5,1900,8744,2.0,0,0,3,8,1900,0,1987,0,98074,47.62,-122.04299999999999,2030,8744
9477200200,20140818T000000,305000.0,3,1.75,1650,9480,1.0,0,0,3,7,1220,430,1977,0,98034,47.726000000000006,-122.191,1540,8400
1432600560,20141105T000000,166950.0,3,1.0,1190,8820,1.0,0,0,3,6,1190,0,1959,0,98058,47.4616,-122.184,1230,7980
3663500060,20140625T000000,400000.0,3,2.5,2180,7508,1.0,0,0,4,7,1420,760,1962,0,98133,47.7606,-122.336,1900,7818
7549802535,20141111T000000,423000.0,4,2.0,1970,6480,1.5,0,0,5,7,1130,840,1920,0,98108,47.5511,-122.31200000000001,1500,6480
2824079053,20150113T000000,440000.0,3,2.5,1910,66211,2.0,0,0,3,7,1910,0,1997,0,98024,47.5385,-121.911,2330,67268
3542300060,20150311T000000,210000.0,3,1.0,860,11725,1.0,0,0,4,6,860,0,1943,0,98056,47.5093,-122.184,1300,9514
2222059065,20141112T000000,297000.0,3,2.5,1940,14952,2.0,0,0,3,8,1940,0,1994,0,98042,47.3777,-122.165,2030,10450
3211100860,20150303T000000,274250.0,3,1.0,910,8450,1.0,0,0,4,6,910,0,1962,0,98059,47.4787,-122.15799999999999,1400,8040
9526600140,20140919T000000,677900.0,3,2.5,2440,4587,2.0,0,0,3,8,2440,0,2010,0,98052,47.7073,-122.11399999999999,2750,4587
1222000055,20141123T000000,180250.0,2,0.75,900,9600,1.0,0,0,3,6,900,0,1941,0,98166,47.4604,-122.339,1250,14280
2310030510,20150422T000000,320000.0,4,2.25,1550,7579,2.0,0,0,3,8,1550,0,1993,0,98038,47.354,-122.04700000000001,1630,6397
1025049114,20140717T000000,625504.0,3,2.25,1270,1566,2.0,0,0,3,8,1060,210,2014,0,98105,47.6647,-122.28399999999999,1160,1327
4014400292,20150114T000000,465000.0,3,2.5,2714,17936,2.0,0,0,3,9,2714,0,2005,0,98001,47.3185,-122.275,2590,18386
1102000196,20140527T000000,477000.0,4,2.75,1720,6270,2.0,0,0,3,8,1720,0,1978,0,98118,47.5458,-122.26799999999999,2130,8700
257000138,20150115T000000,280000.0,2,1.0,850,16400,1.0,0,0,3,6,850,0,1923,0,98168,47.4889,-122.29899999999999,1100,14459
5611500140,20140822T000000,686000.0,4,2.5,2760,6440,2.0,0,0,3,10,2760,0,1999,0,98075,47.5836,-122.02600000000001,3070,8127
705700390,20140903T000000,328000.0,3,2.25,2020,8379,2.0,0,0,3,7,2020,0,1994,0,98038,47.3828,-122.023,2020,8031
7454001200,20140604T000000,390000.0,3,2.25,1250,7500,1.0,0,0,5,7,1250,0,1942,0,98146,47.5123,-122.37299999999999,1280,7392
8682281200,20150309T000000,479950.0,2,2.0,1510,6516,1.0,0,0,3,8,1510,0,2005,0,98053,47.7076,-122.01299999999999,1640,6009
7972000200,20140529T000000,264950.0,4,2.25,1720,9753,1.0,0,0,4,7,1120,600,1978,0,98023,47.2922,-122.37100000000001,1510,9753
722059070,20150115T000000,235000.0,3,1.0,1430,15246,1.0,0,0,4,7,980,450,1961,0,98031,47.4075,-122.214,1960,13068
7202340400,20150303T000000,516500.0,3,2.5,1480,4729,2.0,0,0,3,7,1480,0,2004,0,98053,47.6794,-122.03399999999999,2250,4729
9264902050,20141121T000000,315000.0,6,2.75,2940,7350,1.0,0,0,3,8,1780,1160,1978,0,98023,47.3103,-122.339,2120,8236
943100260,20141120T000000,213000.0,2,1.0,1000,10200,1.0,0,0,3,6,1000,0,1961,0,98024,47.5687,-121.899,1150,13702
3677400445,20140902T000000,475000.0,3,1.5,2480,5280,1.5,0,0,5,7,1620,860,1947,0,98108,47.5575,-122.303,2090,4800
4058000060,20150409T000000,416000.0,3,2.0,2220,94300,1.0,0,0,5,7,1640,580,1976,0,98010,47.3459,-121.95,2070,80100
7228500560,20150320T000000,410000.0,4,1.0,1970,4740,1.5,0,0,3,7,1670,300,1904,2005,98122,47.6136,-122.303,1510,4740
5152100060,20140529T000000,472000.0,6,2.5,4410,14034,1.0,0,2,4,9,2350,2060,1965,0,98003,47.3376,-122.324,2600,13988
3584000310,20141208T000000,225000.0,3,1.75,1430,8505,1.0,0,0,4,7,1430,0,1968,0,98003,47.3173,-122.319,1190,8640
1868901275,20150127T000000,455000.0,2,1.0,1430,5000,1.5,0,0,2,7,1430,0,1925,0,98115,47.6727,-122.29899999999999,1450,3750
9468200125,20140826T000000,480000.0,2,1.0,1030,3060,1.0,0,2,4,7,790,240,1918,0,98103,47.6779,-122.353,1390,3060
2025069065,20140929T000000,2400000.0,4,2.5,3650,8354,1.0,1,4,3,9,1830,1820,2000,0,98074,47.6338,-122.072,3120,18841
7899800890,20150226T000000,181000.0,2,1.5,720,5120,1.0,0,0,3,6,720,0,1954,0,98106,47.5218,-122.35700000000001,1150,2566
3021059276,20150314T000000,250000.0,4,2.0,2010,7312,1.0,0,0,4,7,2010,0,1976,0,98002,47.2785,-122.213,2010,7650
3832710960,20140923T000000,260000.0,3,2.0,1810,7209,1.0,0,0,4,7,1240,570,1978,0,98032,47.3656,-122.27799999999999,1750,7209
1105000588,20150421T000000,349500.0,3,1.0,1400,3538,1.0,0,0,3,7,800,600,1953,0,98118,47.5405,-122.27,1620,6331
3830630060,20140929T000000,245000.0,3,2.5,1730,7442,2.0,0,0,3,7,1730,0,1987,0,98030,47.3507,-122.178,1630,6458
7972601890,20141020T000000,385000.0,4,1.75,2360,7620,1.0,0,0,4,7,1180,1180,1955,0,98106,47.5278,-122.345,1910,7620
1873100060,20140829T000000,693000.0,4,2.5,2460,4425,2.0,0,0,3,8,2460,0,2006,0,98052,47.7048,-122.109,2990,5659
8722101360,20141202T000000,780000.0,3,1.0,1660,4400,1.5,0,0,3,8,1460,200,1911,0,98112,47.6362,-122.302,1660,4400
2123039032,20141027T000000,369900.0,1,0.75,760,10079,1.0,1,4,5,5,760,0,1936,0,98070,47.4683,-122.43799999999999,1230,14267
8078560140,20140519T000000,290000.0,4,2.5,1700,7280,2.0,0,0,4,7,1700,0,1988,0,98031,47.4045,-122.171,1950,7475
7974200510,20140814T000000,415000.0,2,1.0,1070,4500,1.0,0,0,3,7,1070,0,1937,0,98115,47.6802,-122.29,1320,4465
2557000400,20150409T000000,272500.0,3,2.5,2070,9900,1.0,0,0,3,8,1420,650,1979,0,98023,47.2988,-122.37100000000001,2070,8250
7960900060,20150504T000000,2900000.0,4,3.25,5050,20100,1.5,0,2,3,11,4750,300,1982,2008,98004,47.6312,-122.223,3890,20060
6378500125,20150501T000000,436000.0,2,1.0,1040,7538,1.0,0,0,4,7,1040,0,1939,0,98133,47.7107,-122.352,1440,7530
2976800796,20140925T000000,236000.0,3,1.0,1300,5898,1.0,0,0,3,7,1300,0,1961,0,98178,47.5053,-122.255,1320,7619
4215100060,20150320T000000,365000.0,3,2.5,2653,4510,2.0,0,0,3,8,2653,0,2006,0,98031,47.4145,-122.166,2653,4927
1126049053,20141113T000000,770000.0,4,2.75,3820,26300,2.0,0,0,3,9,2850,970,2014,0,98028,47.7618,-122.26100000000001,1860,12136
6874200960,20150227T000000,170000.0,2,1.0,860,5265,1.0,0,0,3,6,860,0,1931,0,98178,47.5048,-122.272,1650,8775
1509500060,20140905T000000,370000.0,4,2.5,2720,8666,2.0,0,0,3,9,2720,0,1992,0,98030,47.3846,-122.169,2410,8100
6647200060,20150209T000000,405000.0,3,1.75,1670,6720,1.0,0,0,3,7,1140,530,1980,0,98034,47.7198,-122.193,1670,7320
9552700140,20140702T000000,675000.0,5,2.25,2900,10300,1.0,0,0,3,8,1450,1450,1985,0,98006,47.5461,-122.15100000000001,2310,10300
2200500350,20140812T000000,500000.0,2,1.0,1640,14100,1.0,0,0,4,7,1140,500,1954,0,98006,47.5712,-122.14299999999999,1520,13527
6113400046,20140723T000000,389999.0,4,2.5,1890,15770,2.0,0,0,4,7,1890,0,1968,0,98166,47.4281,-122.34299999999999,2410,15256
6619910140,20150224T000000,630000.0,4,1.75,2950,9025,1.0,0,2,4,8,1780,1170,1975,0,98034,47.7128,-122.223,2120,9600
1115450240,20141022T000000,360000.0,4,2.5,2160,9528,2.0,0,0,3,9,2160,0,1992,0,98001,47.3341,-122.255,2280,9937
9510920070,20140710T000000,879000.0,4,2.5,3360,22111,2.0,0,0,3,10,3360,0,1994,0,98075,47.5951,-122.01700000000001,3150,11374
8079030390,20150304T000000,446500.0,3,2.5,2650,7286,2.0,0,0,3,8,2650,0,1990,0,98059,47.5084,-122.154,2400,7220
600000152,20140602T000000,404000.0,3,1.5,2030,8880,1.0,0,0,3,7,1330,700,1963,0,98108,47.5586,-122.311,2140,5592
3260800030,20140811T000000,335000.0,3,2.5,2440,7632,2.0,0,0,3,8,2440,0,1998,0,98003,47.3494,-122.301,2510,7903
2747100024,20140619T000000,576000.0,3,2.5,1940,9000,1.0,0,0,4,7,970,970,1948,0,98117,47.6933,-122.39299999999999,2190,7310
5104530560,20150401T000000,208633.0,3,2.5,2040,3810,2.0,0,0,3,8,2040,0,2006,0,98038,47.3537,-122.0,2370,4590
4330600350,20150115T000000,315000.0,3,2.25,2200,8750,1.0,0,0,4,7,1120,1080,1964,0,98166,47.476000000000006,-122.337,1460,10139
5016001535,20150217T000000,725000.0,3,1.75,1920,3300,1.0,0,0,4,8,960,960,1913,0,98112,47.6239,-122.29799999999999,1740,4000
7280300196,20150403T000000,550000.0,4,2.75,1800,7750,1.0,0,0,4,8,1400,400,1965,0,98177,47.7776,-122.384,1800,8275
8651520400,20140612T000000,610750.0,4,2.25,2180,7297,2.0,0,0,3,8,2180,0,1984,0,98074,47.6459,-122.05799999999999,2250,9781
4139480200,20140618T000000,1384000.0,4,3.25,4290,12103,1.0,0,3,3,11,2690,1600,1997,0,98006,47.5503,-122.102,3860,11244
4139480200,20141209T000000,1400000.0,4,3.25,4290,12103,1.0,0,3,3,11,2690,1600,1997,0,98006,47.5503,-122.102,3860,11244
9521101455,20140723T000000,548000.0,2,1.0,1470,3864,1.0,0,0,4,7,1170,300,1916,0,98103,47.6638,-122.345,1570,3864
325059286,20140513T000000,819900.0,5,2.75,3150,7119,2.0,0,0,3,9,3150,0,2013,0,98052,47.6759,-122.15100000000001,1560,8384
2597650240,20141023T000000,520000.0,3,2.25,2030,16200,2.0,0,0,3,8,2030,0,1984,0,98027,47.5162,-122.057,2660,17958
3353400435,20140721T000000,230000.0,3,2.0,1450,11204,1.0,0,0,3,7,1450,0,2003,0,98001,47.2639,-122.25200000000001,1520,9518
7972000240,20150202T000000,240000.0,3,1.75,1510,10248,1.0,0,0,3,7,1510,0,1969,0,98023,47.2929,-122.37100000000001,1510,9753
3530210260,20141027T000000,274975.0,3,2.5,3030,45004,2.0,0,0,3,9,3030,0,1987,0,98077,47.7721,-122.09299999999999,3080,35781
1959700550,20140905T000000,740000.0,4,2.0,2050,4400,1.5,0,0,4,9,2050,0,1922,0,98102,47.644,-122.319,2320,5500
9542850320,20140725T000000,790000.0,3,2.25,2370,10289,1.0,0,0,4,9,1590,780,1977,0,98005,47.592,-122.166,2500,10004
2946001550,20150416T000000,279000.0,6,1.75,2240,11180,2.0,0,0,4,7,2240,0,1955,0,98198,47.42,-122.323,1590,7955
9550201550,20150408T000000,640000.0,2,1.0,1070,5000,1.0,0,0,3,7,1070,0,1924,0,98103,47.6666,-122.331,1710,5000
5009600070,20141007T000000,260000.0,4,2.5,1960,5238,2.0,0,0,3,7,1960,0,2003,0,98038,47.3483,-122.052,1800,5894
2877103726,20140722T000000,791500.0,4,2.0,1510,3500,1.5,0,0,5,7,1510,0,1911,0,98103,47.6794,-122.35700000000001,1820,3750
405100295,20140826T000000,265000.0,3,1.75,1420,8250,1.0,0,0,3,7,1420,0,1954,0,98133,47.7535,-122.354,1740,8000
4268200055,20150501T000000,245000.0,3,1.75,1740,11547,1.0,0,0,3,7,1740,0,1954,0,98178,47.4945,-122.22,880,78408
1115300070,20141106T000000,684000.0,4,3.5,3040,8414,2.0,0,0,3,9,2420,620,2010,0,98059,47.5222,-122.15700000000001,3470,8066
7004200060,20141017T000000,309600.0,4,1.75,1275,20000,1.0,0,0,4,6,1275,0,1991,0,98070,47.3796,-122.49,1660,20000
4048400070,20141205T000000,320000.0,2,1.0,1070,32633,1.0,0,0,4,6,1070,0,1930,0,98059,47.4716,-122.07799999999999,1360,32156
808000070,20141021T000000,206600.0,3,2.0,1390,13464,1.0,0,0,4,7,1390,0,1987,0,98030,47.3581,-122.17299999999999,1720,12080
7374200030,20150416T000000,387000.0,4,1.75,2500,7690,1.0,0,0,3,7,1250,1250,1973,0,98155,47.7713,-122.307,2040,8646
616000140,20150126T000000,315000.0,3,1.0,1900,14400,1.0,0,0,4,7,1300,600,1954,0,98166,47.4147,-122.337,1940,14400
5416510830,20140806T000000,300000.0,4,2.5,1910,4862,2.0,0,0,3,7,1910,0,2005,0,98038,47.3607,-122.03399999999999,2010,5091
3211290370,20140605T000000,463000.0,3,2.5,1640,29970,2.0,0,0,3,7,1640,0,1992,0,98053,47.6359,-121.97399999999999,1580,28399
723099065,20150130T000000,465000.0,3,2.0,1840,40438,2.0,0,0,3,7,1840,0,1994,0,98045,47.4853,-121.709,1380,44049
6116500075,20150326T000000,673000.0,4,2.5,2990,10400,2.0,0,0,3,9,2990,0,2002,0,98166,47.4508,-122.359,2140,17449
2231500030,20141001T000000,315000.0,4,2.25,2180,10754,1.0,0,0,5,7,1100,1080,1954,0,98133,47.7711,-122.34100000000001,1810,6929
2231500030,20150324T000000,530000.0,4,2.25,2180,10754,1.0,0,0,5,7,1100,1080,1954,0,98133,47.7711,-122.34100000000001,1810,6929
7683900200,20141223T000000,380000.0,5,3.0,3450,9914,2.0,0,0,3,9,3450,0,2004,0,98023,47.2813,-122.345,2860,9721
8155830060,20140811T000000,297000.0,3,2.25,1450,7562,2.0,0,0,3,7,1450,0,1994,0,98056,47.5038,-122.189,1650,7625
9423400140,20140609T000000,450000.0,3,1.75,1640,13500,1.0,0,0,3,7,1110,530,1940,0,98125,47.7164,-122.304,1770,12600
1545804860,20141027T000000,275000.0,3,3.0,1590,7750,1.0,0,0,3,7,1060,530,1997,0,98038,47.3624,-122.045,1680,7500
7132300695,20150421T000000,435000.0,3,1.5,1300,3348,1.5,0,0,3,7,1300,0,1904,2014,98144,47.592,-122.307,1590,2577
1726059053,20140916T000000,270000.0,2,1.5,1380,209959,1.0,0,0,1,6,1380,0,1954,0,98011,47.7461,-122.195,3130,19868
8563040160,20150121T000000,560000.0,4,2.25,2550,7800,1.0,0,0,3,8,1580,970,1968,0,98052,47.6283,-122.095,2420,8050
1223039290,20140905T000000,403950.0,4,2.5,2120,13780,2.0,0,0,3,8,2120,0,1993,0,98146,47.4987,-122.365,1880,12000
7972600860,20141210T000000,345000.0,4,1.0,1550,7620,1.5,0,0,3,7,1550,0,1957,0,98106,47.5287,-122.35,1450,7620
5175800060,20140623T000000,365000.0,4,2.0,1940,25600,1.0,0,0,1,8,1940,0,1962,0,98006,47.5722,-122.12899999999999,2000,10071
2473251090,20140619T000000,269900.0,4,1.75,1530,8750,1.5,0,0,4,7,1530,0,1968,0,98058,47.4556,-122.15700000000001,1390,8750
3420069065,20140825T000000,360000.0,4,1.75,3730,16980,1.0,0,0,4,7,2150,1580,1974,0,98022,47.1775,-122.022,1880,16963
6021501685,20150422T000000,352000.0,2,1.0,940,5000,1.0,0,0,4,7,940,0,1937,0,98117,47.6879,-122.385,1560,4500
1151100070,20150224T000000,437000.0,3,2.5,1750,22357,2.0,0,0,3,8,1750,0,1994,0,98045,47.4807,-121.779,2430,22357
7821200390,20140806T000000,450000.0,3,2.0,1290,1213,3.0,0,0,3,8,1290,0,2001,0,98103,47.6609,-122.344,1290,3235
1565950030,20150427T000000,364950.0,4,2.5,1930,6957,2.0,0,0,3,8,1930,0,1995,0,98055,47.4309,-122.191,2090,6996
1560930070,20140911T000000,840000.0,4,3.5,2840,40139,1.0,0,4,4,10,2840,0,1986,0,98038,47.401,-122.02600000000001,3180,36852
6700400140,20150318T000000,268000.0,3,2.5,1550,8134,2.0,0,0,3,7,1550,0,1991,0,98031,47.403999999999996,-122.191,1550,8134
2422029094,20140716T000000,517534.0,2,1.0,833,143947,1.0,0,0,3,5,833,0,2006,0,98070,47.3889,-122.48200000000001,1380,143947
1774220160,20141104T000000,632925.0,3,2.5,2990,32239,2.0,0,0,4,8,2990,0,1978,0,98077,47.7718,-122.095,2990,36497
1525200060,20140723T000000,577500.0,3,2.5,2000,7251,2.0,0,0,3,9,2000,0,1995,0,98034,47.7067,-122.2,2450,8118
3426059070,20140909T000000,570000.0,3,1.75,2910,37461,1.0,0,0,4,7,1530,1380,1967,0,98052,47.7015,-122.164,2520,18295
824079032,20140626T000000,563500.0,4,1.75,2085,174240,1.0,0,0,3,7,1610,475,1964,0,98024,47.5753,-121.95,2690,174240
2697100140,20150105T000000,423000.0,4,2.25,2200,9351,1.0,0,0,5,7,1290,910,1962,0,98133,47.7448,-122.333,1910,8660
8678500060,20140710T000000,1550000.0,5,4.25,6070,171626,2.0,0,0,3,12,6070,0,1999,0,98024,47.5954,-121.95,4680,211267
6073200075,20140730T000000,625000.0,3,1.75,1600,9135,1.0,0,0,5,7,1600,0,1955,0,98006,47.5724,-122.179,1580,9800
6388900710,20141219T000000,538000.0,3,2.5,2250,11632,2.0,0,0,3,8,2250,0,1988,0,98056,47.5272,-122.169,2360,11632
1442860160,20150107T000000,380000.0,3,2.5,2280,10255,2.0,0,0,4,8,2280,0,1985,0,98058,47.4334,-122.161,2310,10094
9808650060,20150225T000000,1300000.0,3,2.0,2350,15021,1.0,0,0,4,8,1770,580,1976,0,98004,47.6408,-122.219,3530,15715
5468750060,20141028T000000,328500.0,4,3.0,2290,8250,2.0,0,0,3,9,2290,0,1990,0,98042,47.3739,-122.156,2290,8250
646910160,20140903T000000,237000.0,3,2.5,1490,2138,2.0,0,0,3,7,1490,0,2005,0,98055,47.4324,-122.197,1490,2094
9528102772,20140708T000000,438000.0,2,2.0,1270,1372,3.0,0,0,3,8,1270,0,2000,0,98115,47.6776,-122.318,1610,3090
284000223,20140916T000000,578000.0,3,1.75,2120,10875,1.0,0,2,3,8,1540,580,1977,0,98146,47.504,-122.382,2460,11760
3353401710,20140923T000000,227950.0,3,1.5,1670,8230,1.0,0,0,5,7,1670,0,1954,0,98001,47.2613,-122.255,2077,4910
8159610030,20140722T000000,196000.0,3,2.25,2070,11576,2.0,0,0,3,7,2070,0,1974,0,98001,47.3417,-122.271,1890,7519
3179100435,20140715T000000,641000.0,2,1.0,1420,5332,1.0,0,0,3,8,1070,350,1953,0,98105,47.6694,-122.275,2400,5406
8857600960,20140819T000000,205000.0,3,1.0,940,7980,1.0,0,0,4,7,940,0,1960,0,98032,47.3838,-122.289,1150,8050
4055700030,20150502T000000,1450000.0,3,4.5,3970,24920,2.0,0,2,3,10,3260,710,1977,1999,98034,47.7183,-122.258,2610,13838
2525300030,20150222T000000,232000.0,3,1.0,1400,10403,1.0,0,0,4,6,1400,0,1976,0,98038,47.361999999999995,-122.029,1230,10209
2287000030,20141014T000000,811000.0,3,1.75,1870,9897,1.0,0,0,4,8,1870,0,1960,0,98040,47.5505,-122.221,1900,10005
7702010030,20140520T000000,551000.0,3,2.5,2830,5802,2.0,0,0,3,9,2830,0,2001,0,98028,47.7605,-122.234,2500,5788
6154500070,20140626T000000,1050000.0,4,3.5,3450,7832,2.0,0,0,3,10,3450,0,2007,0,98006,47.5637,-122.12299999999999,3220,8567
8944290160,20141104T000000,230000.0,3,2.0,1510,3413,2.0,0,0,3,7,1510,0,1985,0,98031,47.3912,-122.167,1570,3777
7282300125,20141112T000000,330000.0,3,1.0,980,7000,1.0,0,0,3,6,980,0,1953,0,98133,47.7617,-122.35700000000001,1220,7000
8658300340,20140523T000000,80000.0,1,0.75,430,5050,1.0,0,0,2,4,430,0,1912,0,98014,47.6499,-121.90899999999999,1200,7500
2419600075,20141201T000000,465000.0,3,1.75,1480,6360,1.0,0,0,3,7,1480,0,1954,0,98133,47.7311,-122.353,1480,6360
2621760350,20141015T000000,325000.0,4,2.5,1850,7324,2.0,0,0,3,8,1850,0,1997,0,98042,47.3701,-122.10700000000001,2100,7329
1723049270,20150107T000000,340500.0,3,2.0,2270,28025,1.0,0,0,4,7,1920,350,1947,0,98168,47.4857,-122.318,1770,14833
2172000075,20140623T000000,290900.0,2,2.0,1610,17600,2.0,0,0,3,6,1610,0,1930,1983,98178,47.4855,-122.266,1310,12950
8820902200,20141113T000000,1199000.0,4,2.75,4110,8400,2.0,0,1,3,9,3130,980,1928,2013,98125,47.717,-122.281,2820,8400
1853080570,20140811T000000,859900.0,4,2.75,3390,6298,2.0,0,0,3,9,3390,0,2011,0,98074,47.5906,-122.06200000000001,3390,7111
